source,target,weight,relation
abacaxi,feira,4.472,/r/AtLocation
abacaxi,frutaria,2.828,/r/AtLocation
abacaxi,fruteira,5.292,/r/AtLocation
abacaxi,quitanda,3.464,/r/AtLocation
abacaxi,fruta,2.0,/r/IsA
abacaxi,comer,6.928,/r/UsedFor
fruteira,cozinha,2.828,/r/AtLocation
abajour,criado_mudo,2.0,/r/AtLocation
abajour,quarto,4.0,/r/AtLocation
abajour,sala,2.828,/r/AtLocation
abajour,cor_amarela,2.0,/r/RelatedTo
abajour,iluminar,5.292,/r/UsedFor
criado_mudo,quarto,7.746,/r/AtLocation
criado_mudo,sentar,2.828,/r/NotUsedFor
criado_mudo,guardar_coisas,3.464,/r/UsedFor
quarto,cama,2.0,/r/AtLocation
quarto,casa,9.381,/r/AtLocation
quarto,hotel,8.485,/r/AtLocation
quarto,imóvel,2.0,/r/AtLocation
quarto,dormir,6.633,/r/UsedFor
sala,casa,4.472,/r/AtLocation
sala,colégio,2.0,/r/AtLocation
sala,escritório,2.0,/r/AtLocation
sala,residência,2.0,/r/AtLocation
advogado,escritório,2.0,/r/AtLocation
advogado,escritório_de_advocacia,8.246,/r/AtLocation
advogado,firma,2.0,/r/AtLocation
advogado,fórum,7.746,/r/AtLocation
escritório,trabalhar,2.828,/r/UsedFor
agua,copo,2.828,/r/AtLocation
agua,garrafa,2.0,/r/AtLocation
agua,ilha,2.828,/r/AtLocation
agua,mar,3.464,/r/AtLocation
agua,oceano,3.464,/r/AtLocation
agua,pia,3.464,/r/AtLocation
agua,piscina,2.0,/r/AtLocation
agua,privada,2.0,/r/AtLocation
agua,rio,2.0,/r/AtLocation
copo,armário,3.464,/r/AtLocation
copo,bandeja,6.325,/r/AtLocation
copo,bar,4.472,/r/AtLocation
copo,copa,2.828,/r/AtLocation
copo,cozinha,6.0,/r/AtLocation
copo,pastelaria,2.0,/r/AtLocation
copo,restaurante,4.0,/r/AtLocation
copo,cor_branca,2.0,/r/RelatedTo
copo,beber,5.292,/r/UsedFor
ilha,oceano,5.657,/r/AtLocation
ilha,cor_verde,2.0,/r/RelatedTo
ilha,morar,2.828,/r/UsedFor
ilha,passear,2.0,/r/UsedFor
mar,ilha,2.0,/r/AtLocation
mar,oceano,2.828,/r/AtLocation
mar,praia,2.828,/r/AtLocation
mar,nadar,6.928,/r/UsedFor
mar,navegar,2.828,/r/UsedFor
mar,pescar,2.828,/r/UsedFor
mar,relaxar,2.0,/r/UsedFor
mar,surfar,3.464,/r/UsedFor
oceano,navegar,2.828,/r/UsedFor
pia,banheiro,10.954,/r/AtLocation
pia,cozinha,6.928,/r/AtLocation
pia,lavar,6.0,/r/UsedFor
pia,lavar_as_mãos,8.718,/r/UsedFor
piscina,casa,2.0,/r/AtLocation
piscina,clube,11.136,/r/AtLocation
piscina,hotel,2.0,/r/AtLocation
piscina,quintal,2.0,/r/AtLocation
piscina,dormir,2.0,/r/NotUsedFor
piscina,nadar,8.485,/r/UsedFor
piscina,tomar_banho,2.828,/r/UsedFor
privada,banheiro,10.954,/r/AtLocation
privada,tomar_banho,2.0,/r/NotUsedFor
rio,floresta,2.828,/r/AtLocation
rio,sítio,2.0,/r/AtLocation
alga,mar,2.0,/r/AtLocation
alga,oceano,3.464,/r/AtLocation
alga,comer,6.0,/r/NotUsedFor
alimento,prato,2.828,/r/AtLocation
alimento,supermercado,4.472,/r/AtLocation
alimento,alimentar,2.0,/r/UsedFor
alimento,comer,3.464,/r/UsedFor
prato,armário,4.0,/r/AtLocation
prato,bandeja,3.464,/r/AtLocation
prato,jantar,2.0,/r/AtLocation
prato,mesa,5.292,/r/AtLocation
prato,mesa_de_jantar,6.325,/r/AtLocation
prato,pastelaria,2.828,/r/AtLocation
prato,pia,2.0,/r/AtLocation
prato,refeição,2.828,/r/AtLocation
prato,restaurante,10.0,/r/AtLocation
prato,cor_branco,2.828,/r/RelatedTo
prato,comer,7.483,/r/UsedFor
prato,lavar,2.0,/r/UsedFor
supermercado,cidade,2.0,/r/AtLocation
almofada,cadeia,2.0,/r/AtLocation
almofada,sala,2.0,/r/AtLocation
almofada,sala_de_estar,3.464,/r/AtLocation
almofada,sofá,7.483,/r/AtLocation
almofada,comer,2.0,/r/NotUsedFor
almofada,decorar,2.0,/r/UsedFor
almofada,deitar,3.464,/r/UsedFor
almofada,descansar,3.464,/r/UsedFor
almofada,dormir,2.0,/r/UsedFor
almofada,enfeitar,2.0,/r/UsedFor
almofada,sentar,4.899,/r/UsedFor
cadeia,prisão,2.0,/r/Synonym
sofá,casa,8.0,/r/AtLocation
sofá,sala,16.733,/r/AtLocation
sofá,sala_de_espera,4.899,/r/AtLocation
sofá,sala_de_estar,18.111,/r/AtLocation
sofá,deitar,6.325,/r/UsedFor
sofá,descansar,6.928,/r/UsedFor
sofá,dormir,3.464,/r/UsedFor
sofá,namorar,2.0,/r/UsedFor
sofá,relaxar,2.0,/r/UsedFor
sofá,sentar,16.248,/r/UsedFor
aluno,academia,2.828,/r/AtLocation
aluno,colégio,12.329,/r/AtLocation
aluno,escola,9.592,/r/AtLocation
aluno,laboratório_de_informática,3.464,/r/AtLocation
aluno,sala_de_aula,10.954,/r/AtLocation
aluno,universidade,6.633,/r/AtLocation
aluno,aprender,8.718,/r/UsedFor
aluno,ensinar,10.0,/r/UsedFor
aluno,estudar,4.472,/r/UsedFor
escola,cidade,2.0,/r/AtLocation
escola,dormir,2.0,/r/NotUsedFor
escola,aprender,2.828,/r/UsedFor
escola,ensinar,4.0,/r/UsedFor
escola,estudar,2.0,/r/UsedFor
sala_de_aula,colégio,7.483,/r/AtLocation
sala_de_aula,universidade,2.0,/r/AtLocation
sala_de_aula,cor_branca,2.0,/r/RelatedTo
sala_de_aula,aprender,2.828,/r/UsedFor
sala_de_aula,ensinar,2.828,/r/UsedFor
sala_de_aula,estudar,3.464,/r/UsedFor
amigo,acampamento,2.0,/r/AtLocation
amigo,bar,3.464,/r/AtLocation
amigo,casa,2.0,/r/AtLocation
amigo,clube,2.828,/r/AtLocation
amigo,colégio,2.0,/r/AtLocation
amigo,escola,2.0,/r/AtLocation
amigo,evento,2.828,/r/AtLocation
amigo,festa,5.292,/r/AtLocation
amigo,professor,2.828,/r/AtLocation
amigo,restaurante,3.464,/r/AtLocation
amigo,rua,2.0,/r/AtLocation
amigo,shoping,2.0,/r/AtLocation
amigo,shopping,4.472,/r/AtLocation
amigo,teatro,2.0,/r/AtLocation
amigo,ajudar,2.0,/r/UsedFor
amigo,brincar,2.0,/r/UsedFor
amigo,conversar,9.798,/r/UsedFor
bar,clube,2.0,/r/AtLocation
bar,rodoviária,2.0,/r/AtLocation
bar,cor_marrom,2.0,/r/RelatedTo
bar,beber,2.0,/r/UsedFor
casa,cidade,2.828,/r/AtLocation
casa,imóvel,2.828,/r/AtLocation
casa,sítio,2.0,/r/AtLocation
casa,terreno,2.828,/r/AtLocation
casa,morar,2.828,/r/UsedFor
professor,academia,3.464,/r/AtLocation
professor,colégio,13.711,/r/AtLocation
professor,escola,8.0,/r/AtLocation
professor,laboratório_de_informática,2.828,/r/AtLocation
professor,brincar,2.0,/r/NotUsedFor
professor,namorar,2.828,/r/NotUsedFor
professor,conversar,2.0,/r/UsedFor
restaurante,cidade,2.0,/r/AtLocation
restaurante,shopping,3.464,/r/AtLocation
restaurante,cor_vermelha,2.0,/r/RelatedTo
restaurante,comer,5.292,/r/UsedFor
restaurante,matar_a_fome,2.0,/r/UsedFor
rua,cidade,4.0,/r/AtLocation
rua,andar,2.828,/r/UsedFor
amizade,amigo,5.292,/r/AtLocation
amizade,pessoa,2.0,/r/AtLocation
pessoa,acampamento,2.0,/r/AtLocation
pessoa,açougue,2.0,/r/AtLocation
pessoa,balanço,2.828,/r/AtLocation
pessoa,banheiro,2.0,/r/AtLocation
pessoa,barraca,4.0,/r/AtLocation
pessoa,camping,2.0,/r/AtLocation
pessoa,casa,3.464,/r/AtLocation
pessoa,cinema,2.0,/r/AtLocation
pessoa,evento,4.0,/r/AtLocation
pessoa,fazenda,2.0,/r/AtLocation
pessoa,festa,2.828,/r/AtLocation
pessoa,floresta,2.0,/r/AtLocation
pessoa,ginásio_de_esportes,2.0,/r/AtLocation
pessoa,ponto_de_táxi,3.464,/r/AtLocation
pessoa,ponto_de_ônibus,7.211,/r/AtLocation
pessoa,praça,2.0,/r/AtLocation
pessoa,quarto,2.0,/r/AtLocation
pessoa,residência,2.0,/r/AtLocation
pessoa,rua,2.828,/r/AtLocation
pessoa,rua_movimentada,3.464,/r/AtLocation
pessoa,sala,2.828,/r/AtLocation
pessoa,sala_de_espera,2.828,/r/AtLocation
pessoa,shopping,2.0,/r/AtLocation
pessoa,sofá,2.0,/r/AtLocation
pessoa,conversar,4.899,/r/UsedFor
pessoa,trabalhar,2.0,/r/UsedFor
andar,predio,2.828,/r/AtLocation
animal,fazenda,2.828,/r/AtLocation
animal,floresta,4.0,/r/AtLocation
animal,mato,2.828,/r/AtLocation
animal,sítio,2.0,/r/AtLocation
animal,cor_marrom,3.464,/r/RelatedTo
mato,acampamento,2.0,/r/AtLocation
mato,terreno,3.464,/r/AtLocation
aparelho_de_som,sala,4.0,/r/AtLocation
aparelho_de_som,sala_de_estar,2.0,/r/AtLocation
ar_condicionado,escritório,4.899,/r/AtLocation
ar_condicionado,escritório_na_linha_do_equador,7.211,/r/AtLocation
ar_condicionado,laboratório_de_informática,2.0,/r/AtLocation
ar_condicionado,cor_preta,2.0,/r/RelatedTo
ar_condicionado,refrescar,7.746,/r/UsedFor
areia,ilha,2.0,/r/AtLocation
areia,mar,3.464,/r/AtLocation
areia,praia,7.211,/r/AtLocation
areia,construção,2.0,/r/UsedFor
praia,ilha,3.464,/r/AtLocation
armário,casa,2.828,/r/AtLocation
armário,cozinha,3.464,/r/AtLocation
armário,quarto,4.0,/r/AtLocation
armário,cor_marrom,2.0,/r/RelatedTo
armário,guardar,4.0,/r/UsedFor
armário,guardar_coisas,7.483,/r/UsedFor
cozinha,casa,6.928,/r/AtLocation
cozinha,imóvel,2.0,/r/AtLocation
cozinha,residência,2.828,/r/AtLocation
cozinha,restaurante,4.899,/r/AtLocation
cozinha,dormir,2.0,/r/NotUsedFor
cozinha,cozinhar,5.657,/r/UsedFor
cozinha,fazer_comida,4.899,/r/UsedFor
arquivo,biblioteca,2.0,/r/AtLocation
arquivo,computador,3.464,/r/AtLocation
arquivo,escritório,3.464,/r/AtLocation
arquivo,guardar,2.0,/r/UsedFor
arquivo,guardar_coisas,2.0,/r/UsedFor
biblioteca,colégio,5.292,/r/AtLocation
biblioteca,universidade,5.657,/r/AtLocation
biblioteca,cor_branco,2.0,/r/RelatedTo
biblioteca,estudar,2.828,/r/UsedFor
biblioteca,ler,2.0,/r/UsedFor
computador,casa,2.0,/r/AtLocation
computador,colégio,2.828,/r/AtLocation
computador,escritório,14.0,/r/AtLocation
computador,escritório_de_advocacia,2.0,/r/AtLocation
computador,firma,2.0,/r/AtLocation
computador,laboratório,2.0,/r/AtLocation
computador,laboratório_de_informática,17.55,/r/AtLocation
computador,loja,3.464,/r/AtLocation
computador,quarto,3.464,/r/AtLocation
computador,sala,2.828,/r/AtLocation
computador,brincar,4.0,/r/NotUsedFor
computador,conversar,2.0,/r/NotUsedFor
computador,aprender,2.0,/r/UsedFor
computador,estudar,3.464,/r/UsedFor
computador,jogar,6.0,/r/UsedFor
computador,trabalhar,9.592,/r/UsedFor
computador,usar,2.0,/r/UsedFor
arroz,comida,4.472,/r/AtLocation
arroz,refeição,4.0,/r/AtLocation
arroz,saleiro,2.828,/r/AtLocation
arroz,supermercado,2.828,/r/AtLocation
arroz,comer,2.828,/r/UsedFor
comida,bandeja,2.828,/r/AtLocation
comida,cozinha,4.472,/r/AtLocation
comida,geladeira,4.0,/r/AtLocation
comida,jantar,4.0,/r/AtLocation
comida,lixo,2.0,/r/AtLocation
comida,prato,4.899,/r/AtLocation
comida,refeição,4.0,/r/AtLocation
comida,restaurante,9.165,/r/AtLocation
comida,restaurante_chic,2.0,/r/AtLocation
comida,supermercado,2.828,/r/AtLocation
comida,jogar_fora,2.828,/r/NotUsedFor
comida,cor_branca,2.0,/r/RelatedTo
comida,alimentar,8.0,/r/UsedFor
comida,comer,7.211,/r/UsedFor
comida,matar_a_fome,5.292,/r/UsedFor
refeição,restaurante,2.828,/r/AtLocation
refeição,alimentar,6.928,/r/UsedFor
refeição,comer,6.325,/r/UsedFor
refeição,matar_a_fome,4.472,/r/UsedFor
saleiro,cozinha,3.464,/r/AtLocation
saleiro,restaurante,2.0,/r/AtLocation
saleiro,cor_branco,2.0,/r/RelatedTo
saleiro,temperar,2.0,/r/UsedFor
arvore,acampamento,2.828,/r/AtLocation
arvore,floresta,7.483,/r/AtLocation
arvore,ilha,2.0,/r/AtLocation
arvore,montanha,2.828,/r/AtLocation
arvore,praça,4.0,/r/AtLocation
arvore,quintal,2.0,/r/AtLocation
arvore,sítio,2.0,/r/AtLocation
praça,centro,5.292,/r/AtLocation
praça,cidade,4.899,/r/AtLocation
praça,cor_verde,2.0,/r/RelatedTo
quintal,casa,4.899,/r/AtLocation
quintal,brincar,4.899,/r/UsedFor
atendente,balcão,4.472,/r/AtLocation
atendente,consultório,3.464,/r/AtLocation
atendente,hotel,2.828,/r/AtLocation
atendente,locadora_de_vídeos,2.828,/r/AtLocation
atendente,loja,5.657,/r/AtLocation
atendente,pastelaria,2.828,/r/AtLocation
atendente,restaurante,2.0,/r/AtLocation
atendente,sala_de_espera,2.0,/r/AtLocation
atendente,ajudar,4.0,/r/UsedFor
atendente,informar,2.0,/r/UsedFor
balcão,bar,4.472,/r/AtLocation
balcão,biblioteca,2.0,/r/AtLocation
balcão,hotel,2.0,/r/AtLocation
balcão,loja,6.633,/r/AtLocation
balcão,padaria,3.464,/r/AtLocation
balcão,pastelaria,4.472,/r/AtLocation
balcão,sentar,3.464,/r/NotUsedFor
balcão,cor_marrom,2.0,/r/RelatedTo
balcão,servir,2.0,/r/UsedFor
hotel,cidade,3.464,/r/AtLocation
hotel,dormir,2.0,/r/UsedFor
loja,centro,6.0,/r/AtLocation
loja,shoping,6.928,/r/AtLocation
loja,shopping,17.436,/r/AtLocation
loja,vender,7.746,/r/UsedFor
sala_de_espera,consultório,4.0,/r/AtLocation
sala_de_espera,hospital,2.828,/r/AtLocation
sala_de_espera,cor_branca,2.0,/r/RelatedTo
automóvel,garagem,3.464,/r/AtLocation
automóvel,andar,2.828,/r/UsedFor
automóvel,dirigir,2.0,/r/UsedFor
automóvel,passear,2.0,/r/UsedFor
automóvel,transportar,2.828,/r/UsedFor
automóvel,viajar,2.0,/r/UsedFor
garagem,casa,2.828,/r/AtLocation
garagem,imóvel,2.0,/r/AtLocation
avião,aeroporto,10.583,/r/AtLocation
avião,cor_branca,2.828,/r/RelatedTo
bagunça,armário,2.0,/r/AtLocation
bagunça,arrumar,4.0,/r/UsedFor
bagunça,nada,2.0,/r/UsedFor
balanço,arvore,2.0,/r/AtLocation
balanço,parque_de_diversões,2.0,/r/AtLocation
balanço,brincar,2.0,/r/UsedFor
padaria,supermercado,2.0,/r/AtLocation
banana,feira,2.828,/r/AtLocation
banana,frutaria,4.472,/r/AtLocation
banana,fruteira,11.489,/r/AtLocation
banana,quitanda,4.0,/r/AtLocation
banana,comer,12.0,/r/UsedFor
banca_de_revistas,praça,2.0,/r/AtLocation
banco,automóvel,2.0,/r/AtLocation
banco,bicicletaria,3.464,/r/AtLocation
banco,carro,4.472,/r/AtLocation
banco,centro,3.464,/r/AtLocation
banco,onibus,4.0,/r/AtLocation
banco,parque,2.0,/r/AtLocation
banco,ponto_de_táxi,4.472,/r/AtLocation
banco,ponto_de_ônibus,6.325,/r/AtLocation
banco,praça,12.0,/r/AtLocation
banco,rodoviária,2.828,/r/AtLocation
banco,sentar,6.325,/r/UsedFor
carro,borracharia,2.0,/r/AtLocation
carro,casa,2.0,/r/AtLocation
carro,estacionamento,7.211,/r/AtLocation
carro,garagem,8.718,/r/AtLocation
carro,mecanica,2.0,/r/AtLocation
carro,ponto_de_táxi,6.0,/r/AtLocation
carro,rodoviária,2.0,/r/AtLocation
carro,rua,6.325,/r/AtLocation
carro,rua_movimentada,7.483,/r/AtLocation
carro,dormir,2.828,/r/NotUsedFor
carro,dirigir,2.0,/r/UsedFor
carro,passear,2.828,/r/UsedFor
carro,transportar,4.472,/r/UsedFor
carro,viajar,2.0,/r/UsedFor
centro,roda,2.0,/r/AtLocation
onibus,ponto_de_ônibus,2.828,/r/AtLocation
onibus,rodoviária,8.485,/r/AtLocation
onibus,rua_movimentada,2.0,/r/AtLocation
parque,cidade,2.0,/r/AtLocation
parque,clube,2.0,/r/AtLocation
parque,passear,2.0,/r/NotUsedFor
parque,brincar,2.0,/r/UsedFor
banda,show,4.899,/r/AtLocation
show,boate,2.0,/r/AtLocation
show,evento,2.828,/r/AtLocation
banheiro,casa,6.0,/r/AtLocation
banheiro,clube,2.0,/r/AtLocation
banheiro,residência,2.828,/r/AtLocation
banheiro,restaurante,2.828,/r/AtLocation
banheiro,shoping,2.828,/r/AtLocation
banheiro,shopping,4.899,/r/AtLocation
banheiro,lavar_as_mãos,3.464,/r/UsedFor
barata,armário,3.464,/r/AtLocation
barata,cozinha,2.828,/r/AtLocation
barata,esgoto,8.944,/r/AtLocation
barata,lixo,2.0,/r/AtLocation
barata,quarto,2.0,/r/AtLocation
barata,cor_marrom,2.828,/r/RelatedTo
barata,matar,5.657,/r/UsedFor
lixo,chão,2.0,/r/AtLocation
lixo,esgoto,4.0,/r/AtLocation
lixo,lixeira,5.657,/r/AtLocation
barco,mar,6.325,/r/AtLocation
barco,oceano,2.0,/r/AtLocation
barco,porto,4.472,/r/AtLocation
barco,rio,4.899,/r/AtLocation
barco,navegar,6.0,/r/UsedFor
barco,pescar,2.828,/r/UsedFor
barco,viajar,2.0,/r/UsedFor
barraca,acampamento,20.396,/r/AtLocation
barraca,camping,10.954,/r/AtLocation
barraca,feira,4.472,/r/AtLocation
barraca,praia,2.0,/r/AtLocation
barraca,morar,4.0,/r/NotUsedFor
barraca,acampar,11.489,/r/UsedFor
barraca,dormir,6.325,/r/UsedFor
barzinho,sala,2.0,/r/AtLocation
barzinho,cor_amarela,2.0,/r/RelatedTo
bebida,bar,9.592,/r/AtLocation
bebida,barzinho,4.472,/r/AtLocation
bebida,boate,2.0,/r/AtLocation
bebida,restaurante,2.0,/r/AtLocation
bebida,beber,8.246,/r/UsedFor
bebida,matar_a_sede,5.292,/r/UsedFor
bebida,refrescar,3.464,/r/UsedFor
berço,quarto,3.464,/r/AtLocation
berço,dormir,4.899,/r/NotUsedFor
bicicleta,academia,2.828,/r/AtLocation
bicicleta,rua,2.0,/r/AtLocation
bicicleta,andar,6.325,/r/UsedFor
bicicleta,passear,7.483,/r/UsedFor
bilheteria,cinema,2.828,/r/AtLocation
bilheteria,parque,2.0,/r/AtLocation
bilheteria,parque_de_diversões,2.0,/r/AtLocation
bilheteria,rodoviária,2.0,/r/AtLocation
bilheteria,teatro,2.0,/r/AtLocation
cinema,shopping,6.928,/r/AtLocation
cinema,namorar,2.828,/r/UsedFor
boi,fazenda,8.0,/r/AtLocation
boi,comer,4.899,/r/UsedFor
bola,clube,2.828,/r/AtLocation
bola,copa,2.0,/r/AtLocation
bola,ginásio_de_esportes,9.592,/r/AtLocation
bola,praia,2.0,/r/AtLocation
bola,quadra,5.292,/r/AtLocation
bola,quintal,2.0,/r/AtLocation
bola,brinquedo,3.464,/r/IsA
bola,cor_branca,3.464,/r/RelatedTo
copa,casa,2.828,/r/AtLocation
copa,tomar_banho,2.0,/r/NotUsedFor
quadra,clube,4.899,/r/AtLocation
quadra,colégio,2.828,/r/AtLocation
quadra,escola,2.828,/r/AtLocation
quadra,ginásio_de_esportes,6.325,/r/AtLocation
quadra,cor_verde,2.828,/r/RelatedTo
quadra,jogar,4.0,/r/UsedFor
quadra,jogar_bola,3.464,/r/UsedFor
bolo,festa,6.0,/r/AtLocation
bolo,padaria,4.0,/r/AtLocation
bolo,comer,9.165,/r/UsedFor
bolo,jogar_fora,2.0,/r/UsedFor
borracha,estojo,4.472,/r/AtLocation
borracha,papelaria,3.464,/r/AtLocation
borracha,cor_branca,2.0,/r/RelatedTo
borracha,cor_preta,2.0,/r/RelatedTo
estojo,mochila,2.828,/r/AtLocation
estojo,sala_de_aula,2.828,/r/AtLocation
estojo,guardar,2.828,/r/UsedFor
botão,aparelho_de_som,2.828,/r/AtLocation
botão,calça,3.464,/r/AtLocation
botão,camisa,3.464,/r/AtLocation
botão,roupa,6.0,/r/AtLocation
botão,rádio,2.0,/r/AtLocation
botão,terno,3.464,/r/AtLocation
botão,vestir,4.899,/r/AtLocation
botão,video_cassete,2.0,/r/AtLocation
calça,armário,4.899,/r/AtLocation
calça,guarda_roupas,5.657,/r/AtLocation
calça,loja_de_roupas,4.899,/r/AtLocation
camisa,armário,3.464,/r/AtLocation
camisa,gaveta,2.0,/r/AtLocation
camisa,guarda_roupas,4.0,/r/AtLocation
camisa,loja,2.0,/r/AtLocation
camisa,loja_de_roupas,2.828,/r/AtLocation
camisa,shopping,2.0,/r/AtLocation
camisa,roupa,2.828,/r/IsA
camisa,vestir,4.0,/r/UsedFor
roupa,armário,9.798,/r/AtLocation
roupa,closet,3.464,/r/AtLocation
roupa,lavanderia,4.899,/r/AtLocation
roupa,loja,9.381,/r/AtLocation
roupa,loja_de_roupas,4.899,/r/AtLocation
roupa,pessoa,3.464,/r/AtLocation
roupa,quarto,2.0,/r/AtLocation
roupa,shoping,2.828,/r/AtLocation
roupa,usar,2.0,/r/UsedFor
roupa,vestir,12.649,/r/UsedFor
rádio,carro,2.0,/r/AtLocation
rádio,casa,2.0,/r/AtLocation
rádio,quarto,2.0,/r/AtLocation
rádio,sala,2.0,/r/AtLocation
rádio,cor_preto,2.0,/r/RelatedTo
rádio,ouvir,4.0,/r/UsedFor
terno,armário,2.828,/r/AtLocation
terno,guarda_roupas,2.828,/r/AtLocation
terno,roupa,3.464,/r/IsA
terno,vestir,2.828,/r/UsedFor
video_cassete,locadora_de_vídeos,2.0,/r/AtLocation
video_cassete,sala,3.464,/r/AtLocation
video_cassete,sala_de_estar,2.0,/r/AtLocation
brinquedo,loja,6.0,/r/AtLocation
brinquedo,parque_de_diversões,5.657,/r/AtLocation
brinquedo,shopping,2.0,/r/AtLocation
brinquedo,brincar,6.325,/r/UsedFor
buraco,parede,2.828,/r/AtLocation
buraco,rua,3.464,/r/AtLocation
parede,casa,4.0,/r/AtLocation
parede,construção,2.0,/r/AtLocation
parede,sala,2.828,/r/AtLocation
parede,sala_de_estar,2.0,/r/AtLocation
cabeça,parafuso,3.464,/r/AtLocation
parafuso,bicicletaria,4.0,/r/AtLocation
parafuso,caixa_de_ferramentas,3.464,/r/AtLocation
parafuso,motor,2.828,/r/AtLocation
parafuso,roda,2.828,/r/AtLocation
cachorro,canil,8.944,/r/AtLocation
cachorro,casa,6.0,/r/AtLocation
cachorro,praça,2.0,/r/AtLocation
cachorro,quintal,4.0,/r/AtLocation
cachorro,brincar,4.0,/r/UsedFor
cachorro,passear,2.828,/r/UsedFor
cachorro_quente,lanchonete,2.0,/r/AtLocation
cachorro_quente,comida,2.0,/r/IsA
cachorro_quente,comer,3.464,/r/UsedFor
cachorro_quente,matar_a_fome,2.0,/r/UsedFor
lanchonete,cidade,2.0,/r/AtLocation
lanchonete,parque_de_diversões,2.0,/r/AtLocation
lanchonete,shoping,2.828,/r/AtLocation
lanchonete,shopping,6.325,/r/AtLocation
lanchonete,comer,6.325,/r/UsedFor
cadeira,cinema,4.0,/r/AtLocation
cadeira,copa,2.0,/r/AtLocation
cadeira,cozinha,2.828,/r/AtLocation
cadeira,escola,2.828,/r/AtLocation
cadeira,escritório,5.292,/r/AtLocation
cadeira,escritório_na_linha_do_equador,2.0,/r/AtLocation
cadeira,pastelaria,2.0,/r/AtLocation
cadeira,quarto,2.0,/r/AtLocation
cadeira,restaurante,3.464,/r/AtLocation
cadeira,sala,8.246,/r/AtLocation
cadeira,sala_de_aula,6.928,/r/AtLocation
cadeira,sala_de_espera,2.828,/r/AtLocation
cadeira,sala_de_estar,4.899,/r/AtLocation
cadeira,sala_de_jantar,2.828,/r/AtLocation
cadeira,teatro,4.0,/r/AtLocation
cadeira,varanda,4.0,/r/AtLocation
cadeira,deitar,3.464,/r/NotUsedFor
cadeira,dormir,2.0,/r/NotUsedFor
cadeira,descansar,4.472,/r/UsedFor
cadeira,sentar,14.0,/r/UsedFor
sala_de_jantar,casa,4.899,/r/AtLocation
sala_de_jantar,jantar,5.292,/r/UsedFor
varanda,casa,2.0,/r/AtLocation
caderno,escrivaninha,2.0,/r/AtLocation
caderno,estante,2.0,/r/AtLocation
caderno,estudante,2.0,/r/AtLocation
caderno,mochila,6.325,/r/AtLocation
caderno,papelaria,4.472,/r/AtLocation
caderno,sala_de_aula,3.464,/r/AtLocation
caderno,escrever,8.944,/r/UsedFor
caderno,estudar,2.0,/r/UsedFor
escrivaninha,consultório,2.0,/r/AtLocation
escrivaninha,escritório,5.292,/r/AtLocation
escrivaninha,quarto,3.464,/r/AtLocation
escrivaninha,escrever,4.0,/r/UsedFor
escrivaninha,estudar,4.0,/r/UsedFor
escrivaninha,trabalhar,2.0,/r/UsedFor
estante,escritório,3.464,/r/AtLocation
estante,livraria,2.828,/r/AtLocation
estante,sala,5.292,/r/AtLocation
estante,sala_de_estar,6.0,/r/AtLocation
estante,cor_marrom,2.828,/r/RelatedTo
estudante,biblioteca,2.0,/r/AtLocation
estudante,colégio,8.718,/r/AtLocation
estudante,sala_de_aula,3.464,/r/AtLocation
estudante,universidade,4.0,/r/AtLocation
estudante,aprender,6.0,/r/UsedFor
estudante,estudar,4.472,/r/UsedFor
mochila,acampamento,2.0,/r/AtLocation
mochila,escola,2.0,/r/AtLocation
mochila,guardar_coisas,3.464,/r/UsedFor
mochila,viajar,2.0,/r/UsedFor
caixa,aparelho_de_som,2.0,/r/AtLocation
caixa,banco,2.828,/r/AtLocation
caixa,loja,6.0,/r/AtLocation
caixa,restaurante,2.0,/r/AtLocation
caixa,supermercado,6.0,/r/AtLocation
caixa,guardar,4.472,/r/UsedFor
caixa,guardar_coisas,5.292,/r/UsedFor
calculadora,escritório,2.828,/r/AtLocation
calculadora,loja,3.464,/r/AtLocation
guarda_roupas,casa,2.0,/r/AtLocation
guarda_roupas,quarto,10.198,/r/AtLocation
guarda_roupas,móvel,2.0,/r/IsA
guarda_roupas,dormir,2.0,/r/NotUsedFor
guarda_roupas,cor_marrom,3.464,/r/RelatedTo
loja_de_roupas,shopping,4.0,/r/AtLocation
cama,casa,7.211,/r/AtLocation
cama,hospital,2.828,/r/AtLocation
cama,hotel,6.325,/r/AtLocation
cama,quarto,22.181,/r/AtLocation
cama,residência,2.828,/r/AtLocation
cama,móvel,2.0,/r/IsA
cama,comer,7.211,/r/UsedFor
cama,deitar,7.746,/r/UsedFor
cama,descansar,7.483,/r/UsedFor
cama,dormir,14.56,/r/UsedFor
gaveta,armário,4.899,/r/AtLocation
gaveta,criado_mudo,4.0,/r/AtLocation
gaveta,cor_marrom,2.828,/r/RelatedTo
gaveta,guardar_coisas,2.0,/r/UsedFor
camiseta,armário,2.0,/r/AtLocation
camiseta,gaveta,3.464,/r/AtLocation
camiseta,guarda_roupas,3.464,/r/AtLocation
camiseta,loja,2.828,/r/AtLocation
camiseta,loja_de_roupas,2.0,/r/AtLocation
camiseta,roupa,2.828,/r/IsA
camiseta,usar,2.0,/r/NotUsedFor
camiseta,vestir,8.246,/r/UsedFor
caneta,balcão,2.828,/r/AtLocation
caneta,bolsa,3.464,/r/AtLocation
caneta,escritório,11.136,/r/AtLocation
caneta,escrivaninha,3.464,/r/AtLocation
caneta,estojo,6.0,/r/AtLocation
caneta,gaveta,3.464,/r/AtLocation
caneta,laboratório_de_informática,2.0,/r/AtLocation
caneta,mochila,2.828,/r/AtLocation
caneta,papelaria,4.899,/r/AtLocation
caneta,professor,2.828,/r/AtLocation
caneta,escrever,13.266,/r/UsedFor
caneta,rabiscar,4.0,/r/UsedFor
bolsa,carteira,2.0,/r/Synonym
cardápio,pastelaria,3.464,/r/AtLocation
cardápio,restaurante,7.211,/r/AtLocation
carne,açougue,8.944,/r/AtLocation
carne,churrasco,6.325,/r/AtLocation
carne,comida,2.0,/r/IsA
carne,restaurante,2.828,/r/AtLocation
carne,sopa,2.0,/r/AtLocation
carne,vaca,2.0,/r/AtLocation
carne,cor_vermelha,2.828,/r/RelatedTo
churrasco,comer,2.0,/r/UsedFor
sopa,restaurante,3.464,/r/AtLocation
sopa,cor_amarela,2.828,/r/RelatedTo
sopa,alimentar,4.472,/r/UsedFor
sopa,comer,4.0,/r/UsedFor
sopa,matar_a_fome,2.0,/r/UsedFor
sopa,tomar,3.464,/r/UsedFor
vaca,fazenda,8.718,/r/AtLocation
vaca,sítio,2.828,/r/AtLocation
vaca,comer,2.0,/r/UsedFor
estacionamento,shopping,6.633,/r/AtLocation
estacionamento,cor_cinza,2.0,/r/RelatedTo
carteira,bolsa,6.633,/r/AtLocation
carteira,calça,2.0,/r/AtLocation
carteira,escola,2.828,/r/AtLocation
carteira,sala_de_aula,10.392,/r/AtLocation
carteira,cor_preta,2.0,/r/RelatedTo
carteira,sentar,3.464,/r/UsedFor
cidade,mapa,2.0,/r/AtLocation
cidade,morar,2.0,/r/UsedFor
catraca,bicicletaria,4.0,/r/AtLocation
catraca,onibus,2.0,/r/AtLocation
cavalo,fazenda,6.0,/r/AtLocation
cavalo,sítio,3.464,/r/AtLocation
cavalo,andar,2.0,/r/UsedFor
cavalo,passear,2.0,/r/UsedFor
celular,bolsa,2.0,/r/AtLocation
celular,jogar,3.464,/r/NotUsedFor
roda,bicicletaria,9.165,/r/AtLocation
roda,caminhão,2.828,/r/AtLocation
roda,carro,4.472,/r/AtLocation
roda,rodar,4.472,/r/UsedFor
cerveja,bar,7.746,/r/AtLocation
cerveja,barraca,2.0,/r/AtLocation
cerveja,barzinho,2.0,/r/AtLocation
cerveja,jogar_fora,2.0,/r/NotUsedFor
cerveja,tomar,2.0,/r/NotUsedFor
cerveja,cor_amarela,2.0,/r/RelatedTo
cerveja,beber,6.633,/r/UsedFor
cerveja,matar_a_sede,2.0,/r/UsedFor
chave_de_fenda,bicicletaria,4.0,/r/AtLocation
chave_de_fenda,caixa_de_ferramentas,9.381,/r/AtLocation
chave_de_fenda,gaveta,2.0,/r/AtLocation
chave_de_fenda,laboratório_de_informática,2.0,/r/AtLocation
caixa_de_ferramentas,consertar,2.0,/r/UsedFor
chão,casa,2.0,/r/AtLocation
chão,cor_marrom,2.0,/r/RelatedTo
chão,andar,3.464,/r/UsedFor
chão,limpar,2.0,/r/UsedFor
mapa,enciclopédia,2.0,/r/AtLocation
mapa,guia,2.828,/r/AtLocation
mapa,cor_verde,2.0,/r/RelatedTo
closet,banheiro,2.0,/r/AtLocation
closet,quarto,2.828,/r/AtLocation
cobertor,armário,2.0,/r/AtLocation
cobertor,cama,3.464,/r/AtLocation
cobertor,quarto,4.0,/r/AtLocation
cobertor,estão_com_frio,2.0,/r/MotivatedByGoal
cobertor,aquecer,4.899,/r/UsedFor
cobertor,cobrir,2.828,/r/UsedFor
cobertor,esquentar,3.464,/r/UsedFor
colher,cozinha,6.928,/r/AtLocation
colher,gaveta,2.0,/r/AtLocation
colher,refeição,2.0,/r/AtLocation
colher,restaurante,2.0,/r/AtLocation
colher,sopa,2.0,/r/AtLocation
colher,comer,4.0,/r/UsedFor
bandeja,servir,6.0,/r/UsedFor
geladeira,casa,5.657,/r/AtLocation
geladeira,copa,2.0,/r/AtLocation
geladeira,cozinha,10.198,/r/AtLocation
geladeira,residência,2.828,/r/AtLocation
jantar,comer,2.828,/r/DefinedAs
laboratório,colégio,2.0,/r/AtLocation
laboratório,universidade,2.0,/r/AtLocation
concha,areia,2.828,/r/AtLocation
concha,cozinha,2.0,/r/AtLocation
concha,mar,5.657,/r/AtLocation
concha,oceano,2.828,/r/AtLocation
concha,praia,2.828,/r/AtLocation
coral,igreja,2.828,/r/AtLocation
coral,mar,2.0,/r/AtLocation
coral,oceano,2.828,/r/AtLocation
coral,observar,2.0,/r/UsedFor
igreja,cidade,2.828,/r/AtLocation
cortina,janela,4.0,/r/AtLocation
cortina,quarto,3.464,/r/AtLocation
cortina,sala,2.828,/r/AtLocation
cortina,teatro,2.0,/r/AtLocation
cortina,cobrir,2.0,/r/UsedFor
janela,banheiro,2.0,/r/AtLocation
janela,casa,8.944,/r/AtLocation
janela,escritório,2.0,/r/AtLocation
janela,escritório_na_linha_do_equador,2.828,/r/AtLocation
janela,parede,2.828,/r/AtLocation
janela,predio,4.472,/r/AtLocation
janela,quarto,5.292,/r/AtLocation
janela,sala,2.828,/r/AtLocation
janela,sala_de_estar,2.0,/r/AtLocation
janela,quebrar,2.0,/r/NotUsedFor
janela,abrir,4.472,/r/UsedFor
criança,balanço,6.325,/r/AtLocation
criança,berço,2.828,/r/AtLocation
criança,parque_de_diversões,4.0,/r/AtLocation
criança,brincar,4.472,/r/UsedFor
dinheiro,banco,4.472,/r/AtLocation
dinheiro,bolsa,2.828,/r/AtLocation
dinheiro,carteira,4.899,/r/AtLocation
dinheiro,loja,2.0,/r/AtLocation
dinheiro,cor_verde,3.464,/r/RelatedTo
doce,padaria,2.828,/r/AtLocation
dvd,casa,2.0,/r/AtLocation
dvd,locadora_de_vídeos,8.485,/r/AtLocation
dvd,sala,2.828,/r/AtLocation
dvd,sala_de_estar,2.0,/r/AtLocation
dvd,assistir,3.464,/r/UsedFor
elevador,hotel,2.828,/r/AtLocation
elevador,predio,8.485,/r/AtLocation
elevador,shoping,2.0,/r/AtLocation
empregada,casa,2.0,/r/AtLocation
empregada,cozinha,2.0,/r/AtLocation
empregada,cor_branco,2.828,/r/RelatedTo
empregada,ajudar,2.0,/r/UsedFor
empregada,fazer_comida,2.0,/r/UsedFor
empregada,trabalhar,4.472,/r/UsedFor
enciclopédia,biblioteca,2.828,/r/AtLocation
enfeite,estante,2.0,/r/AtLocation
escada,piscina,2.0,/r/AtLocation
escada,predio,6.928,/r/AtLocation
escova,banheiro,2.828,/r/AtLocation
escova,necessaire,2.0,/r/AtLocation
escova,penteadeira,3.464,/r/AtLocation
escova,salão_de_beleza,3.464,/r/AtLocation
escova,pentear,3.464,/r/UsedFor
penteadeira,quarto,6.0,/r/AtLocation
penteadeira,móvel,2.828,/r/IsA
penteadeira,cor_marrom,2.828,/r/RelatedTo
penteadeira,pentear,4.0,/r/UsedFor
espelho,banheiro,7.746,/r/AtLocation
espelho,bolsa,3.464,/r/AtLocation
espelho,necessaire,2.0,/r/AtLocation
espelho,penteadeira,4.0,/r/AtLocation
espelho,quarto,2.828,/r/AtLocation
espelho,ver,5.292,/r/UsedFor
estrela_do_mar,mar,5.292,/r/AtLocation
estrela_do_mar,oceano,5.292,/r/AtLocation
estrela_do_mar,comer,4.0,/r/NotUsedFor
estrela_do_mar,decorar,4.0,/r/UsedFor
estrela_do_mar,enfeite,4.0,/r/UsedFor
estrela_do_mar,observar,2.0,/r/UsedFor
faca,açougue,4.472,/r/AtLocation
faca,casa,2.0,/r/AtLocation
faca,cozinha,9.798,/r/AtLocation
faca,restaurante,3.464,/r/AtLocation
faca,cortar,9.165,/r/UsedFor
farmácia,cidade,2.0,/r/AtLocation
feijoada,restaurante,4.0,/r/AtLocation
feijoada,alimentar_se,2.0,/r/UsedFor
feijoada,comer,6.325,/r/UsedFor
ferramenta,mecanica,2.0,/r/AtLocation
filme,cinema,8.718,/r/AtLocation
filme,locadora_de_vídeos,7.483,/r/AtLocation
filme,assistir,6.633,/r/UsedFor
filme,ver,2.0,/r/UsedFor
flor,arvore,2.828,/r/AtLocation
flor,floricultura,7.483,/r/AtLocation
flor,jardim,9.592,/r/AtLocation
flor,mesa_de_jantar,2.0,/r/AtLocation
flor,vaso,7.211,/r/AtLocation
flor,jogar_fora,2.0,/r/NotUsedFor
jardim,casa,4.899,/r/AtLocation
jardim,praça,4.0,/r/AtLocation
jardim,quintal,2.0,/r/AtLocation
jardim,enfeitar,2.0,/r/UsedFor
jardim,relaxar,2.0,/r/UsedFor
mesa_de_jantar,sala_de_jantar,4.472,/r/AtLocation
mesa_de_jantar,jantar,2.828,/r/UsedFor
vaso,banheiro,5.292,/r/AtLocation
vaso,estante,2.0,/r/AtLocation
vaso,floricultura,2.0,/r/AtLocation
vaso,janela,2.0,/r/AtLocation
vaso,jardim,2.0,/r/AtLocation
vaso,mesa,2.0,/r/AtLocation
vaso,sala,2.0,/r/AtLocation
vaso,quebrar,2.0,/r/NotUsedFor
vaso,enfeitar,2.0,/r/UsedFor
fofoqueira,rua,2.0,/r/AtLocation
fofoqueira,cor_preta,2.0,/r/RelatedTo
fofoqueira,conversar,2.0,/r/UsedFor
fofoqueira,matar,2.0,/r/UsedFor
fofoqueira,nada,2.0,/r/UsedFor
fogo,fogão,2.0,/r/AtLocation
fogo,aquecer,4.0,/r/UsedFor
fogo,cozinhar,2.828,/r/UsedFor
fogo,esquentar,2.0,/r/UsedFor
fogo,fazer_comida,2.0,/r/UsedFor
fogão,acampamento,2.0,/r/AtLocation
fogão,casa,2.828,/r/AtLocation
fogão,cozinha,12.0,/r/AtLocation
fogão,pastelaria,2.828,/r/AtLocation
fogão,cozinhar,11.314,/r/UsedFor
fogão,fazer_comida,4.472,/r/UsedFor
fogueira,acampamento,8.485,/r/AtLocation
fogueira,aquecer,8.718,/r/UsedFor
folha,arvore,5.292,/r/AtLocation
folha,caderno,6.0,/r/AtLocation
folha,planta,2.0,/r/AtLocation
folha,cor_verde,2.0,/r/RelatedTo
folha,escrever,2.828,/r/UsedFor
planta,floresta,2.0,/r/AtLocation
planta,floricultura,2.0,/r/AtLocation
planta,horta,2.828,/r/AtLocation
planta,jardim,2.0,/r/AtLocation
planta,terreno,2.0,/r/AtLocation
planta,vaso,5.292,/r/AtLocation
planta,comer,2.0,/r/NotUsedFor
planta,cor_verde,2.0,/r/RelatedTo
planta,cuidar,2.828,/r/UsedFor
planta,enfeitar,3.464,/r/UsedFor
frango,açougue,2.0,/r/AtLocation
frango,fazer_comida,2.0,/r/UsedFor
freio,bicicletaria,2.0,/r/AtLocation
frigideira,cozinha,3.464,/r/AtLocation
frigideira,fogão,2.0,/r/AtLocation
frigideira,panela,2.0,/r/IsA
fruta,arvore,6.0,/r/AtLocation
fruta,barraca,2.0,/r/AtLocation
fruta,feira,6.633,/r/AtLocation
fruta,fruteira,16.971,/r/AtLocation
fruta,geladeira,2.0,/r/AtLocation
fruta,quitanda,8.246,/r/AtLocation
fruta,supermercado,2.828,/r/AtLocation
fruta,jogar_fora,3.464,/r/NotUsedFor
fruta,cor_vermelha,2.828,/r/RelatedTo
fruta,alimentar_se,5.292,/r/UsedFor
fruta,comer,14.832,/r/UsedFor
fruta,fazer_suco,3.464,/r/UsedFor
fruta,matar_a_fome,4.0,/r/UsedFor
garfo,cozinha,8.246,/r/AtLocation
garfo,jantar,2.828,/r/AtLocation
garfo,mesa_de_jantar,2.828,/r/AtLocation
garfo,restaurante,6.633,/r/AtLocation
garfo,sala_de_jantar,2.0,/r/AtLocation
garfo,comer,8.0,/r/UsedFor
garota,escola,2.828,/r/AtLocation
garota,shopping,2.0,/r/AtLocation
garota,conversar,2.0,/r/UsedFor
garçom,bar,4.0,/r/AtLocation
garçom,barzinho,2.0,/r/AtLocation
garçom,restaurante,13.266,/r/AtLocation
garçom,restaurante_chic,2.0,/r/AtLocation
garçom,cor_branca,3.464,/r/RelatedTo
garçom,servir,11.489,/r/UsedFor
gerente,banco,2.828,/r/AtLocation
gerente,firma,2.828,/r/AtLocation
gerente,hotel,2.0,/r/AtLocation
gerente,loja,4.472,/r/AtLocation
giz,colégio,2.828,/r/AtLocation
giz,escola,4.0,/r/AtLocation
giz,lousa,6.928,/r/AtLocation
giz,sala_de_aula,8.718,/r/AtLocation
giz,comer,2.828,/r/NotUsedFor
giz,cor_branca,2.0,/r/RelatedTo
giz,escrever,7.483,/r/UsedFor
lousa,colégio,5.292,/r/AtLocation
lousa,escola,5.657,/r/AtLocation
lousa,sala_de_aula,7.746,/r/AtLocation
lousa,comer,2.0,/r/NotUsedFor
lousa,cor_verde,4.0,/r/RelatedTo
lousa,ensinar,5.292,/r/UsedFor
lousa,escrever,10.77,/r/UsedFor
lousa,rabiscar,2.828,/r/UsedFor
grampeador,escritório,7.211,/r/AtLocation
graxa,mecanica,2.0,/r/AtLocation
graxa,cor_preta,2.828,/r/RelatedTo
guarda_sol,praia,7.746,/r/AtLocation
guarda_sol,cor_branca,2.0,/r/RelatedTo
guarda_sol,proteger,4.472,/r/UsedFor
guardanapo,pastelaria,2.828,/r/AtLocation
guardanapo,restaurante,2.0,/r/AtLocation
guardanapo,cor_branca,2.0,/r/RelatedTo
guardanapo,limpar,4.472,/r/UsedFor
guia,acampamento,2.0,/r/AtLocation
guia,guiar,5.292,/r/NotUsedFor
guia,informar,2.0,/r/UsedFor
guidão,bicicletaria,6.633,/r/AtLocation
guidão,dirigir,2.0,/r/UsedFor
guidão,guiar,4.0,/r/UsedFor
horta,terreno,2.0,/r/AtLocation
impressora,escritório,4.472,/r/AtLocation
impressora,laboratório_de_informática,6.633,/r/AtLocation
interruptor,parede,3.464,/r/AtLocation
interruptor,sala,2.0,/r/AtLocation
jogador,copa,2.0,/r/AtLocation
jogador,ginásio_de_esportes,2.828,/r/AtLocation
jogador,quadra,2.0,/r/AtLocation
jogador,jogar,2.0,/r/UsedFor
jornal,banca_de_revistas,6.0,/r/AtLocation
jornal,informar,5.657,/r/UsedFor
jornal,ler,6.633,/r/UsedFor
lanche,lanchonete,7.483,/r/AtLocation
lanche,alimento,4.0,/r/IsA
lanche,matar_a_fome,2.0,/r/UsedFor
laranja,feira,3.464,/r/AtLocation
laranja,frutaria,2.0,/r/AtLocation
laranja,fruteira,7.746,/r/AtLocation
laranja,quitanda,3.464,/r/AtLocation
laranja,chupar,6.325,/r/UsedFor
laranja,comer,6.325,/r/UsedFor
lareira,casa,2.0,/r/AtLocation
lareira,sala,2.828,/r/AtLocation
lareira,sala_de_estar,2.828,/r/AtLocation
lareira,aquecer,6.633,/r/UsedFor
lareira,esquentar,4.899,/r/UsedFor
lata,esgoto,2.828,/r/AtLocation
lata,prateleira,2.0,/r/AtLocation
lata,supermercado,2.0,/r/AtLocation
lata,abrir,2.0,/r/UsedFor
lata,guardar,2.828,/r/UsedFor
prateleira,escritório,2.0,/r/AtLocation
prateleira,loja,3.464,/r/AtLocation
prateleira,supermercado,4.472,/r/AtLocation
prateleira,guardar_coisas,2.0,/r/UsedFor
lavanderia,casa,3.464,/r/AtLocation
lavanderia,lavar,3.464,/r/UsedFor
limão,fruteira,2.828,/r/AtLocation
limão,chupar,2.0,/r/UsedFor
limão,fazer_suco,4.472,/r/UsedFor
limão,temperar,2.0,/r/UsedFor
livro,armário,4.0,/r/AtLocation
livro,biblioteca,11.489,/r/AtLocation
livro,colégio,4.899,/r/AtLocation
livro,criado_mudo,2.828,/r/AtLocation
livro,diretora,2.0,/r/AtLocation
livro,escritório_de_advocacia,2.0,/r/AtLocation
livro,estante,9.798,/r/AtLocation
livro,estudante,2.828,/r/AtLocation
livro,mochila,3.464,/r/AtLocation
livro,prateleira,7.746,/r/AtLocation
livro,professor,4.0,/r/AtLocation
livro,sala,2.0,/r/AtLocation
livro,sala_de_aula,3.464,/r/AtLocation
livro,shopping,3.464,/r/AtLocation
livro,universidade,2.0,/r/AtLocation
livro,aprender,6.325,/r/UsedFor
livro,estudar,3.464,/r/UsedFor
livro,ler,9.381,/r/UsedFor
lixeira,banheiro,2.0,/r/AtLocation
lixeira,escritório,2.0,/r/AtLocation
lixeira,sala_de_aula,2.828,/r/AtLocation
lustre,casa,2.828,/r/AtLocation
lustre,sala,3.464,/r/AtLocation
lustre,sala_de_estar,2.0,/r/AtLocation
lustre,teto,5.657,/r/AtLocation
lustre,quebrar,2.0,/r/NotUsedFor
lustre,enfeitar,2.0,/r/UsedFor
lustre,iluminar,3.464,/r/UsedFor
lustre,limpar,2.0,/r/UsedFor
teto,casa,3.464,/r/AtLocation
teto,cor_branca,3.464,/r/RelatedTo
teto,cobrir,4.0,/r/UsedFor
teto,morar,2.828,/r/UsedFor
teto,proteger,2.0,/r/UsedFor
lápis,colégio,2.0,/r/AtLocation
lápis,escritório,4.472,/r/AtLocation
lápis,escrivaninha,2.828,/r/AtLocation
lápis,estojo,6.928,/r/AtLocation
lápis,papelaria,2.828,/r/AtLocation
lápis,escrever,6.325,/r/UsedFor
macarrão,sopa,4.899,/r/AtLocation
macarrão,supermercado,3.464,/r/AtLocation
macarrão,alimento,2.0,/r/IsA
macarrão,comer,5.292,/r/UsedFor
mamão,fruteira,5.292,/r/AtLocation
mamão,fruta,2.0,/r/IsA
mamão,alimentar_se,2.0,/r/UsedFor
mamão,comer,6.633,/r/UsedFor
martelo,caixa_de_ferramentas,7.211,/r/AtLocation
martelo,marcenaria,3.464,/r/AtLocation
martelo,cor_marrom,2.0,/r/RelatedTo
maçã,feira,2.0,/r/AtLocation
maçã,frutaria,4.0,/r/AtLocation
maçã,fruteira,9.798,/r/AtLocation
maçã,quitanda,3.464,/r/AtLocation
maçã,fruta,4.0,/r/IsA
maçã,cor_vermelha,2.0,/r/RelatedTo
maçã,alimentar,2.828,/r/UsedFor
maçã,comer,7.746,/r/UsedFor
mercadoria,loja,4.472,/r/AtLocation
mercadoria,shopping,2.0,/r/AtLocation
mercadoria,supermercado,4.0,/r/AtLocation
mercadoria,produto,2.0,/r/IsA
mercadoria,comer,2.0,/r/UsedFor
mercadoria,comprar,5.292,/r/UsedFor
mercadoria,usar,3.464,/r/UsedFor
mercadoria,vender,6.0,/r/UsedFor
mesa,barzinho,3.464,/r/AtLocation
mesa,biblioteca,2.828,/r/AtLocation
mesa,casa,4.899,/r/AtLocation
mesa,consultório,2.828,/r/AtLocation
mesa,copa,4.472,/r/AtLocation
mesa,diretora,3.464,/r/AtLocation
mesa,escritório,11.489,/r/AtLocation
mesa,escritório_na_linha_do_equador,4.899,/r/AtLocation
mesa,jantar,2.828,/r/AtLocation
mesa,pastelaria,2.828,/r/AtLocation
mesa,quarto,2.0,/r/AtLocation
mesa,restaurante,9.381,/r/AtLocation
mesa,sala,9.165,/r/AtLocation
mesa,sala_de_aula,5.657,/r/AtLocation
mesa,sala_de_espera,2.0,/r/AtLocation
mesa,sala_de_estar,10.0,/r/AtLocation
mesa,sala_de_jantar,8.944,/r/AtLocation
mesa,móvel,2.0,/r/IsA
mesa,deitar,2.0,/r/NotUsedFor
mesa,dormir,4.0,/r/NotUsedFor
mesa,comer,8.485,/r/UsedFor
mesa,decorar,2.828,/r/UsedFor
mesa,estudar,6.633,/r/UsedFor
mesa,trabalhar,4.0,/r/UsedFor
mesa_de_centro,sala,6.928,/r/AtLocation
mesa_de_centro,sala_de_estar,4.472,/r/AtLocation
mesa_de_centro,enfeitar,2.0,/r/UsedFor
molho,cachorro_quente,2.0,/r/AtLocation
molho,pastelaria,2.828,/r/AtLocation
molho,pizza,2.0,/r/AtLocation
molho,salada,2.0,/r/AtLocation
molho,temperar,2.828,/r/UsedFor
pizza,comida,2.0,/r/IsA
pizza,jogar_fora,2.0,/r/NotUsedFor
pizza,comer,7.483,/r/UsedFor
salada,jantar,2.0,/r/AtLocation
salada,refeição,4.0,/r/AtLocation
salada,restaurante,4.0,/r/AtLocation
salada,alimento,2.828,/r/IsA
salada,cor_verde,2.0,/r/RelatedTo
salada,comer,5.657,/r/UsedFor
motor,automóvel,3.464,/r/AtLocation
motor,carro,2.828,/r/AtLocation
motor,mecanica,2.0,/r/AtLocation
mouse,computador,2.828,/r/AtLocation
mouse,escritório,2.0,/r/AtLocation
mouse,laboratório_de_informática,8.944,/r/AtLocation
mulher,boate,3.464,/r/AtLocation
mulher,cama,2.828,/r/AtLocation
mulher,cozinha,2.0,/r/AtLocation
mulher,festa,3.464,/r/AtLocation
mulher,loja,2.0,/r/AtLocation
mulher,padaria,2.0,/r/AtLocation
mulher,quarto,3.464,/r/AtLocation
mulher,salão_de_beleza,3.464,/r/AtLocation
mulher,shopping,4.0,/r/AtLocation
mulher,amar,2.0,/r/UsedFor
mulher,namorar,2.828,/r/UsedFor
musica,aparelho_de_som,2.0,/r/AtLocation
musica,boate,2.0,/r/AtLocation
musica,festa,2.828,/r/AtLocation
musica,rádio,2.828,/r/AtLocation
médico,consultório,8.944,/r/AtLocation
médico,hospital,10.198,/r/AtLocation
médico,curar,6.325,/r/UsedFor
móvel,casa,2.828,/r/AtLocation
móvel,quarto,2.0,/r/AtLocation
móvel,sala,2.828,/r/AtLocation
móvel,sala_de_estar,3.464,/r/AtLocation
navio,mar,6.325,/r/AtLocation
navio,oceano,8.485,/r/AtLocation
navio,porto,7.211,/r/AtLocation
navio,navegar,5.657,/r/UsedFor
navio,viajar,5.292,/r/UsedFor
padre,igreja,7.483,/r/AtLocation
padre,rezar,2.0,/r/UsedFor
palavra,caderno,2.0,/r/AtLocation
palavra,enciclopédia,4.472,/r/AtLocation
palavra,livro,3.464,/r/AtLocation
palavra,escrever,2.0,/r/UsedFor
panela,cozinha,13.266,/r/AtLocation
panela,fogo,2.0,/r/AtLocation
panela,fogão,7.746,/r/AtLocation
panela,cozinhar,10.198,/r/UsedFor
panela,fazer_comida,4.472,/r/UsedFor
papel,chão,2.0,/r/AtLocation
papel,escritório,3.464,/r/AtLocation
papel,escritório_de_advocacia,2.0,/r/AtLocation
papel,gaveta,2.828,/r/AtLocation
papel,impressora,3.464,/r/AtLocation
papel,lixeira,2.828,/r/AtLocation
papel,lixo,2.828,/r/AtLocation
papel,papelaria,4.472,/r/AtLocation
papel,escrever,7.211,/r/UsedFor
papel,rabiscar,2.0,/r/UsedFor
pastel,feira,4.0,/r/AtLocation
pastel,lanchonete,2.0,/r/AtLocation
pastel,comida,2.0,/r/IsA
pastel,beber,2.0,/r/NotUsedFor
pastel,jogar_fora,2.828,/r/NotUsedFor
pastel,cor_amarelo,2.0,/r/RelatedTo
pastel,alimentar_se,5.657,/r/UsedFor
pastel,comer,14.283,/r/UsedFor
pastel,matar_a_fome,6.0,/r/UsedFor
pedra,chão,2.0,/r/AtLocation
pedra,montanha,2.828,/r/AtLocation
pedra,rio,2.0,/r/AtLocation
pedra,rua,3.464,/r/AtLocation
peixe,agua,3.464,/r/AtLocation
peixe,oceano,13.565,/r/AtLocation
peixe,rio,8.485,/r/AtLocation
peixe,supermercado,2.0,/r/AtLocation
peixe,vara_de_pesca,2.828,/r/AtLocation
peixe,cor_cinza,2.828,/r/RelatedTo
peixe,comer,16.371,/r/UsedFor
peixe,enfeite,2.0,/r/UsedFor
vara_de_pesca,pescar,4.0,/r/UsedFor
perfume,flor,2.0,/r/AtLocation
perfume,penteadeira,4.0,/r/AtLocation
perfume,shopping,2.828,/r/AtLocation
perfume,usar,2.0,/r/UsedFor
pinga,bar,4.472,/r/AtLocation
pinga,barzinho,2.0,/r/AtLocation
pinga,cor_branca,2.0,/r/RelatedTo
pinga,beber,4.0,/r/UsedFor
plantação,fazenda,3.464,/r/AtLocation
plantação,sítio,2.0,/r/AtLocation
pneu,automóvel,2.0,/r/AtLocation
pneu,bicicletaria,10.0,/r/AtLocation
pneu,borracharia,10.0,/r/AtLocation
pneu,caminhão,2.828,/r/AtLocation
pneu,carro,4.472,/r/AtLocation
pneu,garagem,2.0,/r/AtLocation
pneu,roda,5.657,/r/AtLocation
pneu,cor_preta,3.464,/r/RelatedTo
pneu,rodar,5.292,/r/UsedFor
poltrona,avião,3.464,/r/AtLocation
poltrona,cinema,4.899,/r/AtLocation
poltrona,escritório,2.828,/r/AtLocation
poltrona,sala,6.633,/r/AtLocation
poltrona,sala_de_espera,2.828,/r/AtLocation
poltrona,sala_de_estar,6.633,/r/AtLocation
poltrona,teatro,4.899,/r/AtLocation
poltrona,móvel,2.0,/r/IsA
poltrona,dormir,2.0,/r/NotUsedFor
poltrona,descansar,4.0,/r/UsedFor
poltrona,relaxar,3.464,/r/UsedFor
poltrona,sentar,9.165,/r/UsedFor
porta,armário,2.828,/r/AtLocation
porta,carro,2.0,/r/AtLocation
porta,casa,10.583,/r/AtLocation
porta,guarda_roupas,2.0,/r/AtLocation
porta,imóvel,3.464,/r/AtLocation
porta,predio,4.0,/r/AtLocation
porta,quarto,2.828,/r/AtLocation
porta,residência,4.0,/r/AtLocation
porta,sala,4.0,/r/AtLocation
porta,sala_de_estar,2.0,/r/AtLocation
porta,shopping,2.0,/r/AtLocation
porta,bater,2.828,/r/NotUsedFor
porta,abrir,4.899,/r/UsedFor
porta,proteger,2.0,/r/UsedFor
portão,casa,3.464,/r/AtLocation
presente,caixa,2.828,/r/AtLocation
presente,loja,6.0,/r/AtLocation
presente,jogar_fora,2.0,/r/NotUsedFor
produto,loja,8.485,/r/AtLocation
produto,supermercado,4.899,/r/AtLocation
produto,jogar_fora,2.0,/r/NotUsedFor
produto,comprar,3.464,/r/UsedFor
produto,limpar,2.0,/r/UsedFor
produto,usar,4.0,/r/UsedFor
professora,sala_de_aula,11.662,/r/AtLocation
professora,universidade,7.483,/r/AtLocation
professora,cor_azul,2.0,/r/RelatedTo
professora,aprender,5.657,/r/UsedFor
professora,ensinar,16.0,/r/UsedFor
prédio,centro,3.464,/r/AtLocation
prédio,cidade,4.0,/r/AtLocation
prédio,comprar,2.0,/r/NotUsedFor
prédio,cor_branca,2.0,/r/RelatedTo
prédio,morar,6.633,/r/UsedFor
pão,lanche,2.828,/r/AtLocation
pão,padaria,10.0,/r/AtLocation
pão,supermercado,2.0,/r/AtLocation
pão,alimento,2.828,/r/IsA
pão,jogar_fora,2.0,/r/NotUsedFor
pão,comer,9.592,/r/UsedFor
pão,matar_a_fome,2.0,/r/UsedFor
quadro,casa,2.0,/r/AtLocation
quadro,museu,8.246,/r/AtLocation
quadro,parede,9.592,/r/AtLocation
quadro,quarto,2.828,/r/AtLocation
quadro,sala,4.472,/r/AtLocation
quadro,sala_de_estar,4.0,/r/AtLocation
quadro,sala_de_jantar,2.0,/r/AtLocation
quadro,decorar,5.292,/r/UsedFor
quadro,enfeitar,4.0,/r/UsedFor
quadro_negro,colégio,4.0,/r/AtLocation
quadro_negro,escola,4.472,/r/AtLocation
quadro_negro,sala_de_aula,5.657,/r/AtLocation
quadro_negro,cor_preta,2.828,/r/RelatedTo
quadro_negro,ensinar,2.0,/r/UsedFor
quadro_negro,escrever,7.746,/r/UsedFor
queijo,pastelaria,2.828,/r/AtLocation
queijo,pizza,4.472,/r/AtLocation
queijo,supermercado,2.0,/r/AtLocation
queijo,alimento,2.0,/r/IsA
queijo,comer,7.211,/r/UsedFor
rato,casa,2.0,/r/AtLocation
rato,esgoto,16.613,/r/AtLocation
rato,lixo,2.0,/r/AtLocation
rato,comer,5.657,/r/NotUsedFor
rato,brincar,2.0,/r/UsedFor
rato,matar,4.899,/r/UsedFor
rato,nada,4.472,/r/UsedFor
rede,quadra,2.0,/r/AtLocation
rede,varanda,5.292,/r/AtLocation
rede,deitar,2.0,/r/UsedFor
rede,descansar,2.0,/r/UsedFor
refrigerante,bar,2.828,/r/AtLocation
refrigerante,barzinho,2.0,/r/AtLocation
refrigerante,lanchonete,2.0,/r/AtLocation
refrigerante,lata,2.0,/r/AtLocation
refrigerante,pastelaria,5.292,/r/AtLocation
refrigerante,beber,7.483,/r/UsedFor
refrigerante,matar_a_sede,6.0,/r/UsedFor
refrigerante,refrescar,3.464,/r/UsedFor
refrigerante,tomar,3.464,/r/UsedFor
revista,biblioteca,3.464,/r/AtLocation
revista,consultório,2.828,/r/AtLocation
revista,livraria,4.0,/r/AtLocation
revista,sala,2.0,/r/AtLocation
revista,sala_de_espera,7.483,/r/AtLocation
revista,ler,2.828,/r/UsedFor
sabonete,banheiro,10.954,/r/AtLocation
sabonete,pia,2.0,/r/AtLocation
sabonete,supermercado,3.464,/r/AtLocation
sabonete,lavar_as_mãos,5.657,/r/UsedFor
sabonete,limpar,2.0,/r/UsedFor
sabonete,tomar_banho,7.483,/r/UsedFor
sal,mar,4.472,/r/AtLocation
sal,saleiro,9.592,/r/AtLocation
sal,jogar_fora,2.0,/r/NotUsedFor
sal,cor_branca,3.464,/r/RelatedTo
sal,temperar,5.292,/r/UsedFor
sangue,cabeça,2.0,/r/AtLocation
sapato,armário,4.472,/r/AtLocation
sapato,loja,4.472,/r/AtLocation
sapato,loja_de_calçados,8.246,/r/AtLocation
sapato,usar,2.0,/r/NotUsedFor
sapato,andar,2.0,/r/UsedFor
secretária,consultório,4.472,/r/AtLocation
secretária,escritório,7.211,/r/AtLocation
secretária,escritório_de_advocacia,3.464,/r/AtLocation
secretária,firma,2.0,/r/AtLocation
secretária,ajudar,2.828,/r/UsedFor
secretária,conversar,2.0,/r/UsedFor
secretária,trabalhar,2.0,/r/UsedFor
som,carro,3.464,/r/AtLocation
som,sala,2.0,/r/AtLocation
som,dormir,2.828,/r/NotUsedFor
som,divertir,2.0,/r/UsedFor
som,ouvir,5.292,/r/UsedFor
suco,copo,4.0,/r/AtLocation
suco,lanchonete,2.828,/r/AtLocation
suco,pastelaria,2.828,/r/AtLocation
suco,beber,2.0,/r/UsedFor
suco,tomar,2.0,/r/UsedFor
sujeira,chão,6.0,/r/AtLocation
sujeira,esgoto,6.325,/r/AtLocation
sujeira,prato,2.0,/r/AtLocation
sujeira,quintal,2.0,/r/AtLocation
sujeira,limpar,5.657,/r/UsedFor
sujeira,nada,2.828,/r/UsedFor
talher,cozinha,4.899,/r/AtLocation
talher,gaveta,2.828,/r/AtLocation
talher,jantar,2.0,/r/AtLocation
talher,mesa_de_jantar,3.464,/r/AtLocation
talher,prato,2.0,/r/AtLocation
talher,refeição,2.828,/r/AtLocation
talher,sala_de_jantar,2.0,/r/AtLocation
tampa,garrafa,5.657,/r/AtLocation
tampa,lata,2.0,/r/AtLocation
tampa,panela,2.0,/r/AtLocation
tampa,pinga,2.0,/r/AtLocation
tampa,privada,2.0,/r/AtLocation
tapete,banheiro,2.0,/r/AtLocation
tapete,casa,4.899,/r/AtLocation
tapete,chão,6.633,/r/AtLocation
tapete,quarto,5.657,/r/AtLocation
tapete,sala,9.165,/r/AtLocation
tapete,sala_de_estar,6.633,/r/AtLocation
tapete,comer,2.0,/r/NotUsedFor
tapete,decorar,4.472,/r/UsedFor
tapete,enfeitar,4.472,/r/UsedFor
tapete,pisar,5.292,/r/UsedFor
teclado,computador,5.292,/r/AtLocation
teclado,laboratório_de_informática,5.292,/r/AtLocation
teclado,tocar,2.0,/r/UsedFor
telefone,casa,4.472,/r/AtLocation
telefone,escritório,7.211,/r/AtLocation
telefone,escritório_na_linha_do_equador,2.0,/r/AtLocation
telefone,firma,2.0,/r/AtLocation
telefone,ponto_de_táxi,4.472,/r/AtLocation
telefone,sala,3.464,/r/AtLocation
telefone,cor_preta,2.0,/r/RelatedTo
telefone,conversar,2.0,/r/UsedFor
televisão,casa,7.211,/r/AtLocation
televisão,consultório,2.0,/r/AtLocation
televisão,estante,4.899,/r/AtLocation
televisão,locadora_de_vídeos,2.0,/r/AtLocation
televisão,quarto,2.828,/r/AtLocation
televisão,sala,10.198,/r/AtLocation
televisão,sala_de_estar,4.899,/r/AtLocation
televisão,assistir,6.0,/r/UsedFor
telhado,casa,8.485,/r/AtLocation
telhado,construção,2.0,/r/AtLocation
telhado,cobrir,2.828,/r/UsedFor
telhado,proteger,2.0,/r/UsedFor
telão,cinema,3.464,/r/AtLocation
telão,assistir,4.472,/r/UsedFor
terra,chão,2.0,/r/Synonym
terra,terreno,4.899,/r/AtLocation
terra,vaso,4.0,/r/AtLocation
terra,vaso_de_flores,3.464,/r/AtLocation
vaso_de_flores,janela,2.0,/r/AtLocation
vaso_de_flores,sala,4.0,/r/AtLocation
vaso_de_flores,sala_de_estar,3.464,/r/AtLocation
vaso_de_flores,enfeitar,4.0,/r/UsedFor
tesoura,escritório,2.0,/r/AtLocation
tesoura,estojo,2.0,/r/AtLocation
tesoura,gaveta,3.464,/r/AtLocation
tesoura,salão_de_beleza,3.464,/r/AtLocation
tesoura,cor_cinza,2.0,/r/RelatedTo
tesoura,cortar,8.485,/r/UsedFor
tijolo,casa,2.828,/r/AtLocation
tijolo,construção,2.0,/r/UsedFor
tijolo,parede,2.828,/r/AtLocation
tijolo,comer,2.0,/r/NotUsedFor
toalha,armário,2.0,/r/AtLocation
toalha,banheiro,9.798,/r/AtLocation
toalha,mesa,4.472,/r/AtLocation
toalha,mesa_de_jantar,2.0,/r/AtLocation
toalha,cor_branco,2.0,/r/RelatedTo
tomada,parede,2.828,/r/AtLocation
tomada,sala,2.0,/r/AtLocation
tomada,cor_branca,2.0,/r/RelatedTo
tomate,horta,2.828,/r/AtLocation
tomate,pizza,3.464,/r/AtLocation
tomate,quitanda,2.828,/r/AtLocation
tomate,sala,5.657,/r/AtLocation
tomate,comer,6.0,/r/UsedFor
tomate,salada,2.0,/r/UsedFor
torneira,banheiro,3.464,/r/AtLocation
torneira,cozinha,2.828,/r/AtLocation
torneira,pia,6.325,/r/AtLocation
torneira,abrir,2.0,/r/UsedFor
torneira,lavar,2.828,/r/UsedFor
trabalhador,escritório,2.0,/r/AtLocation
trabalhador,firma,2.0,/r/AtLocation
trabalhador,fábrica,2.828,/r/AtLocation
trabalhador,trabalhar,6.928,/r/UsedFor
travesseiro,cama,9.798,/r/AtLocation
travesseiro,quarto,6.325,/r/AtLocation
travesseiro,almofada,2.0,/r/Synonym
travesseiro,descansar,2.0,/r/UsedFor
travesseiro,dormir,7.746,/r/UsedFor
vassoura,armário,2.0,/r/AtLocation
vassoura,casa,2.0,/r/AtLocation
vassoura,cozinha,2.0,/r/AtLocation
vassoura,quintal,2.0,/r/AtLocation
vassoura,limpar,2.828,/r/UsedFor
vendedor,balcão,3.464,/r/AtLocation
vendedor,bicicletaria,2.0,/r/AtLocation
vendedor,feira,2.0,/r/AtLocation
vendedor,loja,11.314,/r/AtLocation
vendedor,loja_de_calçados,4.899,/r/AtLocation
vendedor,shopping,4.472,/r/AtLocation
vendedor,comprar,2.0,/r/UsedFor
vendedor,vender,8.485,/r/UsedFor
ventilador,caminhão,2.0,/r/AtLocation
ventilador,escritório_na_linha_do_equador,6.0,/r/AtLocation
ventilador,quarto,3.464,/r/AtLocation
ventilador,sala_de_espera,2.0,/r/AtLocation
ventilador,sala_de_estar,2.0,/r/AtLocation
ventilador,esquentar,2.828,/r/NotUsedFor
ventilador,refrescar,8.246,/r/UsedFor
vestido,armário,2.0,/r/AtLocation
vestido,guarda_roupas,4.0,/r/AtLocation
vestido,loja,3.464,/r/AtLocation
vestido,mulher,2.0,/r/AtLocation
vestido,roupa,3.464,/r/IsA
vestido,vestir,2.828,/r/UsedFor
água,esgoto,2.0,/r/AtLocation
água,mar,2.0,/r/AtLocation
água,oceano,4.472,/r/AtLocation
água,piscina,2.0,/r/AtLocation
água,cor_azul,2.0,/r/RelatedTo
água,beber,6.0,/r/UsedFor
água,matar_a_sede,3.464,/r/UsedFor
água,tomar_banho,2.828,/r/UsedFor
árvore,floresta,8.485,/r/AtLocation
árvore,parque,3.464,/r/AtLocation
árvore,praça,5.657,/r/AtLocation
árvore,quadra,2.0,/r/AtLocation
árvore,quintal,4.472,/r/AtLocation
árvore,terreno,2.0,/r/AtLocation
árvore,cor_verde,2.0,/r/RelatedTo
óleo,cozinha,2.0,/r/AtLocation
óleo,pastelaria,3.464,/r/AtLocation
óleo,cozinhar,2.828,/r/UsedFor
acalmar,relaxar,4.472,/r/DefinedAs
acalmar,estão_nervosas,4.472,/r/MotivatedByGoal
acalmar,sentem_dor,2.0,/r/MotivatedByGoal
relaxar,descansar,6.325,/r/DefinedAs
relaxar,dormir,2.0,/r/DefinedAs
relaxar,fazem_sexo,2.0,/r/MotivatedByGoal
alimentar,comer,10.77,/r/DefinedAs
alimentar,dar_comida,6.0,/r/DefinedAs
comer,alimentar,14.422,/r/DefinedAs
comer,matar_a_fome,4.472,/r/DefinedAs
comer,estão_com_fome,4.0,/r/MotivatedByGoal
dar_comida,alimentar,8.485,/r/DefinedAs
dar_comida,comem,4.472,/r/MotivatedByGoal
aprender,entender,2.0,/r/DefinedAs
aprender,estudar,3.464,/r/DefinedAs
entender,querem,2.0,/r/MotivatedByGoal
estudar,aprender,6.0,/r/DefinedAs
estudar,ler,3.464,/r/DefinedAs
aquecer,esquentar,2.0,/r/Synonym
assistir,observar,2.0,/r/DefinedAs
assistir,ver,5.657,/r/DefinedAs
observar,ver,4.0,/r/DefinedAs
beber,matar_a_sede,2.0,/r/DefinedAs
beber,tomar,8.485,/r/DefinedAs
matar_a_sede,beber,2.0,/r/DefinedAs
tomar,beber,6.633,/r/DefinedAs
brincar,divertir,6.633,/r/DefinedAs
brincar,jogar,2.0,/r/DefinedAs
divertir,brincar,3.464,/r/DefinedAs
jogar,brincar,2.0,/r/DefinedAs
matar_a_fome,alimentar,3.464,/r/DefinedAs
matar_a_fome,comer,5.657,/r/DefinedAs
consertar,arrumar,2.828,/r/DefinedAs
cuidar,proteger,2.0,/r/DefinedAs
cuidar,estão_doentes,2.0,/r/MotivatedByGoal
proteger,cuidar,4.0,/r/DefinedAs
proteger,guardar,2.828,/r/DefinedAs
decorar,arrumar,2.0,/r/DefinedAs
decorar,enfeitar,4.899,/r/DefinedAs
enfeitar,decorar,4.472,/r/DefinedAs
deitar,dormir,2.828,/r/DefinedAs
dormir,descansar,8.246,/r/DefinedAs
dormir,relaxar,2.0,/r/DefinedAs
dormir,estão_cansadas,4.0,/r/MotivatedByGoal
dormir,estão_com_sono,6.0,/r/MotivatedByGoal
descansar,dormir,2.828,/r/DefinedAs
descansar,relaxar,6.0,/r/DefinedAs
descansar,estão_cansadas,4.0,/r/MotivatedByGoal
dirigir,guiar,6.325,/r/DefinedAs
guiar,dirigir,2.0,/r/Synonym
ensinar,ajudar,2.828,/r/DefinedAs
ensinar,aprender,2.828,/r/DefinedAs
ensinar,informar,2.0,/r/DefinedAs
ensinar,estudam,4.0,/r/MotivatedByGoal
ensinar,querem,4.472,/r/MotivatedByGoal
ajudar,precisam,3.464,/r/MotivatedByGoal
informar,ensinar,2.828,/r/DefinedAs
informar,ler,2.0,/r/DefinedAs
escrever,rabiscar,2.828,/r/DefinedAs
ler,estudar,2.828,/r/DefinedAs
fazer_comida,cozinhar,3.464,/r/DefinedAs
jogar_bola,jogar_futebol,4.899,/r/DefinedAs
jogar_futebol,jogar_bola,2.828,/r/DefinedAs
lavar,limpar,7.211,/r/DefinedAs
limpar,arrumar,2.0,/r/DefinedAs
limpar,lavar,5.292,/r/DefinedAs
passear,andar,2.828,/r/DefinedAs
pentear,arrumar,2.0,/r/DefinedAs
pisar,andar,2.0,/r/DefinedAs
sentar,descansar,3.464,/r/DefinedAs
servir,ajudar,4.0,/r/DefinedAs
servir,precisam,2.0,/r/MotivatedByGoal
surfar,navegar,2.0,/r/DefinedAs
viajar,passear,3.464,/r/DefinedAs
pessoa_doente,agua,2.0,/r/Desires
pessoa_doente,cama,2.0,/r/Desires
pessoa_doente,comida,4.0,/r/Desires
pessoa_doente,conversar,3.464,/r/Desires
pessoa_doente,descansar,8.485,/r/Desires
pessoa_doente,dormir,6.928,/r/Desires
pessoa_doente,nada,2.0,/r/Desires
pessoa_doente,sopa,4.472,/r/Desires
conversar,estão_nervosas,2.0,/r/MotivatedByGoal
conversar,falam,2.0,/r/MotivatedByGoal
conversar,querem,2.0,/r/MotivatedByGoal
começar_a_cuidar_de_alguém_doente_em_casa,aprender,2.0,/r/HasPrerequisite
começar_a_cuidar_de_alguém_doente_em_casa,estudar,2.828,/r/HasPrerequisite
começar_a_cuidar_de_alguém_doente_em_casa,lavar_as_mãos,9.798,/r/HasPrerequisite
começar_a_cuidar_de_alguém_doente_em_casa,limpar,2.0,/r/HasPrerequisite
cuidar_de_alguém_doente_em_casa,lavar_as_mãos,4.899,/r/HasPrerequisite
dar_o_remédio_a_alguém_doente,conversar,2.0,/r/HasPrerequisite
dar_o_remédio_a_alguém_doente,informar,2.0,/r/HasPrerequisite
dar_o_remédio_a_alguém_doente,lavar_as_mãos,3.464,/r/HasPrerequisite
amam,fazem_sexo,2.828,/r/HasSubevent
caem,choram,2.828,/r/HasSubevent
caem,gritam,2.0,/r/HasSubevent
dormem,acordam,2.828,/r/HasSubevent
estudam,lêem,2.0,/r/HasSubevent
estão_alegres,riem,10.0,/r/HasSubevent
estão_apaixonadas,amam,5.657,/r/HasSubevent
estão_cansadas,dormem,14.56,/r/HasSubevent
estão_com_fome,comem,15.62,/r/HasSubevent
estão_com_sono,dormem,32.496,/r/HasSubevent
estão_com_vontade,dormem,2.0,/r/HasSubevent
estão_com_vontade,fazem_sexo,2.0,/r/HasSubevent
estão_felizes,choram,5.292,/r/HasSubevent
estão_felizes,gritam,2.828,/r/HasSubevent
estão_felizes,riem,15.1,/r/HasSubevent
estão_nervosas,brigam,6.633,/r/HasSubevent
estão_nervosas,choram,2.0,/r/HasSubevent
estão_nervosas,gritam,7.483,/r/HasSubevent
precisam,estudam,4.472,/r/HasSubevent
precisam,falam,2.0,/r/HasSubevent
precisam,trabalham,6.928,/r/HasSubevent
querem,comem,2.0,/r/HasSubevent
sentem_dor,gritam,6.325,/r/HasSubevent
acalmá_las,estão_nervosas,6.0,/r/MotivatedByGoal
amar,amam,3.464,/r/MotivatedByGoal
amar,estão_apaixonadas,2.828,/r/MotivatedByGoal
cuidam_de_um_doente_em_casa,curar,6.325,/r/MotivatedByGoal
curar,estão_doentes,2.0,/r/MotivatedByGoal
fazer_silêncio,dormem,8.0,/r/MotivatedByGoal
fazer_silêncio,estudam,5.657,/r/MotivatedByGoal
fazer_silêncio,lêem,2.0,/r/MotivatedByGoal
incentivar,estão_com_vontade,2.0,/r/MotivatedByGoal
incentivar,querem,2.0,/r/MotivatedByGoal
namorar,estão_apaixonadas,2.0,/r/MotivatedByGoal
ouvir,falam,2.828,/r/MotivatedByGoal
rir,estão_alegres,4.899,/r/MotivatedByGoal
rir,estão_felizes,4.472,/r/MotivatedByGoal
arma,cor_preto,2.0,/r/RelatedTo
violão,cor_amarela,2.828,/r/RelatedTo
prisão,cadeia,2.0,/r/Synonym
